{
    "patients": [
        {
            "id": "p00",
            "admission_day": 3,
            "room": "r0",
            "operating_theater": "t1"
        },
        {
            "id": "p01",
            "admission_day": 9,
            "room": "r1",
            "operating_theater": "t1"
        },
        {
            "id": "p02",
            "admission_day": "none"
        },
        {
            "id": "p03",
            "admission_day": 1,
            "room": "r5",
            "operating_theater": "t1"
        },
        {
            "id": "p04",
            "admission_day": 4,
            "room": "r3",
            "operating_theater": "t0"
        },
        {
            "id": "p05",
            "admission_day": "none"
        },
        {
            "id": "p06",
            "admission_day": "none"
        },
        {
            "id": "p07",
            "admission_day": "none"
        },
        {
            "id": "p08",
            "admission_day": "none"
        },
        {
            "id": "p09",
            "admission_day": 8,
            "room": "r4",
            "operating_theater": "t0"
        },
        {
            "id": "p10",
            "admission_day": "none"
        },
        {
            "id": "p11",
            "admission_day": "none"
        },
        {
            "id": "p12",
            "admission_day": "none"
        },
        {
            "id": "p13",
            "admission_day": "none"
        },
        {
            "id": "p14",
            "admission_day": "none"
        },
        {
            "id": "p15",
            "admission_day": 11,
            "room": "r3",
            "operating_theater": "t1"
        },
        {
            "id": "p16",
            "admission_day": 7,
            "room": "r0",
            "operating_theater": "t1"
        },
        {
            "id": "p17",
            "admission_day": "none"
        },
        {
            "id": "p18",
            "admission_day": 1,
            "room": "r5",
            "operating_theater": "t1"
        },
        {
            "id": "p19",
            "admission_day": "none"
        },
        {
            "id": "p20",
            "admission_day": 10,
            "room": "r0",
            "operating_theater": "t0"
        },
        {
            "id": "p21",
            "admission_day": "none"
        },
        {
            "id": "p22",
            "admission_day": "none"
        },
        {
            "id": "p23",
            "admission_day": 4,
            "room": "r5",
            "operating_theater": "t1"
        },
        {
            "id": "p24",
            "admission_day": 4,
            "room": "r3",
            "operating_theater": "t1"
        },
        {
            "id": "p25",
            "admission_day": "none"
        },
        {
            "id": "p26",
            "admission_day": "none"
        },
        {
            "id": "p27",
            "admission_day": "none"
        },
        {
            "id": "p28",
            "admission_day": "none"
        },
        {
            "id": "p29",
            "admission_day": 10,
            "room": "r4",
            "operating_theater": "t0"
        },
        {
            "id": "p30",
            "admission_day": "none"
        },
        {
            "id": "p31",
            "admission_day": "none"
        },
        {
            "id": "p32",
            "admission_day": "none"
        },
        {
            "id": "p33",
            "admission_day": "none"
        },
        {
            "id": "p34",
            "admission_day": "none"
        },
        {
            "id": "p35",
            "admission_day": "none"
        },
        {
            "id": "p36",
            "admission_day": "none"
        },
        {
            "id": "p37",
            "admission_day": 3,
            "room": "r5",
            "operating_theater": "t0"
        },
        {
            "id": "p38",
            "admission_day": 8,
            "room": "r3",
            "operating_theater": "t0"
        },
        {
            "id": "p39",
            "admission_day": 9,
            "room": "r5",
            "operating_theater": "t1"
        },
        {
            "id": "p40",
            "admission_day": 7,
            "room": "r2",
            "operating_theater": "t1"
        },
        {
            "id": "p41",
            "admission_day": 13,
            "room": "r5",
            "operating_theater": "t1"
        },
        {
            "id": "p42",
            "admission_day": "none"
        },
        {
            "id": "p43",
            "admission_day": "none"
        },
        {
            "id": "p44",
            "admission_day": 9,
            "room": "r1",
            "operating_theater": "t1"
        },
        {
            "id": "p45",
            "admission_day": "none"
        },
        {
            "id": "p46",
            "admission_day": "none"
        },
        {
            "id": "p47",
            "admission_day": 9,
            "room": "r5",
            "operating_theater": "t1"
        },
        {
            "id": "p48",
            "admission_day": 1,
            "room": "r3",
            "operating_theater": "t0"
        },
        {
            "id": "p49",
            "admission_day": "none"
        },
        {
            "id": "p50",
            "admission_day": "none"
        },
        {
            "id": "p51",
            "admission_day": "none"
        },
        {
            "id": "p52",
            "admission_day": 11,
            "room": "r1",
            "operating_theater": "t1"
        },
        {
            "id": "p53",
            "admission_day": 7,
            "room": "r5",
            "operating_theater": "t1"
        },
        {
            "id": "p54",
            "admission_day": "none"
        },
        {
            "id": "p55",
            "admission_day": "none"
        },
        {
            "id": "p56",
            "admission_day": 13,
            "room": "r3",
            "operating_theater": "t1"
        },
        {
            "id": "p57",
            "admission_day": "none"
        },
        {
            "id": "p58",
            "admission_day": 7,
            "room": "r5",
            "operating_theater": "t1"
        },
        {
            "id": "p59",
            "admission_day": 13,
            "room": "r2",
            "operating_theater": "t0"
        },
        {
            "id": "p60",
            "admission_day": 4,
            "room": "r1",
            "operating_theater": "t0"
        },
        {
            "id": "p61",
            "admission_day": "none"
        }
    ],
    "nurses": [
        {
            "id": "n00",
            "assignments": [
                {
                    "day": 0,
                    "shift": "late",
                    "rooms": [
                        "r5"
                    ]
                },
                {
                    "day": 1,
                    "shift": "late",
                    "rooms": [
                        "r4",
                        "r3"
                    ]
                },
                {
                    "day": 2,
                    "shift": "late",
                    "rooms": [
                        "r0",
                        "r4"
                    ]
                },
                {
                    "day": 3,
                    "shift": "night",
                    "rooms": [
                        "r0",
                        "r5",
                        "r1"
                    ]
                },
                {
                    "day": 4,
                    "shift": "night",
                    "rooms": [
                        "r5",
                        "r1",
                        "r0"
                    ]
                },
                {
                    "day": 6,
                    "shift": "night",
                    "rooms": [
                        "r2",
                        "r5",
                        "r3"
                    ]
                },
                {
                    "day": 8,
                    "shift": "night",
                    "rooms": [
                        "r2",
                        "r4",
                        "r1"
                    ]
                },
                {
                    "day": 10,
                    "shift": "early",
                    "rooms": [
                        "r0",
                        "r5"
                    ]
                },
                {
                    "day": 11,
                    "shift": "late",
                    "rooms": [
                        "r5",
                        "r3"
                    ]
                },
                {
                    "day": 12,
                    "shift": "late",
                    "rooms": [
                        "r4"
                    ]
                },
                {
                    "day": 13,
                    "shift": "night",
                    "rooms": [
                        "r1",
                        "r4",
                        "r3"
                    ]
                }
            ]
        },
        {
            "id": "n01",
            "assignments": [
                {
                    "day": 0,
                    "shift": "night",
                    "rooms": [
                        "r5",
                        "r4",
                        "r3"
                    ]
                },
                {
                    "day": 2,
                    "shift": "late",
                    "rooms": [
                        "r1",
                        "r3"
                    ]
                },
                {
                    "day": 3,
                    "shift": "late",
                    "rooms": [
                        "r0"
                    ]
                },
                {
                    "day": 4,
                    "shift": "night",
                    "rooms": [
                        "r2",
                        "r3",
                        "r4"
                    ]
                },
                {
                    "day": 5,
                    "shift": "night",
                    "rooms": [
                        "r0",
                        "r5",
                        "r1"
                    ]
                },
                {
                    "day": 7,
                    "shift": "early",
                    "rooms": [
                        "r3",
                        "r5"
                    ]
                },
                {
                    "day": 8,
                    "shift": "early",
                    "rooms": [
                        "r1",
                        "r5"
                    ]
                },
                {
                    "day": 9,
                    "shift": "early",
                    "rooms": [
                        "r3"
                    ]
                },
                {
                    "day": 10,
                    "shift": "early",
                    "rooms": [
                        "r2",
                        "r1"
                    ]
                },
                {
                    "day": 11,
                    "shift": "early",
                    "rooms": [
                        "r1",
                        "r3"
                    ]
                },
                {
                    "day": 12,
                    "shift": "early",
                    "rooms": [
                        "r1",
                        "r5"
                    ]
                },
                {
                    "day": 13,
                    "shift": "early",
                    "rooms": [
                        "r4"
                    ]
                }
            ]
        },
        {
            "id": "n02",
            "assignments": [
                {
                    "day": 0,
                    "shift": "late",
                    "rooms": [
                        "r1"
                    ]
                },
                {
                    "day": 1,
                    "shift": "night",
                    "rooms": [
                        "r1",
                        "r2",
                        "r5"
                    ]
                },
                {
                    "day": 2,
                    "shift": "night",
                    "rooms": [
                        "r3"
                    ]
                },
                {
                    "day": 4,
                    "shift": "early",
                    "rooms": [
                        "r0",
                        "r2"
                    ]
                },
                {
                    "day": 5,
                    "shift": "late",
                    "rooms": [
                        "r1",
                        "r5"
                    ]
                },
                {
                    "day": 6,
                    "shift": "late",
                    "rooms": [
                        "r0"
                    ]
                },
                {
                    "day": 7,
                    "shift": "night",
                    "rooms": [
                        "r2"
                    ]
                },
                {
                    "day": 8,
                    "shift": "night",
                    "rooms": [
                        "r0",
                        "r3",
                        "r5"
                    ]
                },
                {
                    "day": 10,
                    "shift": "early",
                    "rooms": [
                        "r3",
                        "r4"
                    ]
                },
                {
                    "day": 11,
                    "shift": "late",
                    "rooms": [
                        "r1",
                        "r0"
                    ]
                },
                {
                    "day": 12,
                    "shift": "late",
                    "rooms": [
                        "r0"
                    ]
                },
                {
                    "day": 13,
                    "shift": "night",
                    "rooms": [
                        "r0",
                        "r2",
                        "r5"
                    ]
                }
            ]
        },
        {
            "id": "n03",
            "assignments": [
                {
                    "day": 0,
                    "shift": "late",
                    "rooms": [
                        "r4"
                    ]
                },
                {
                    "day": 1,
                    "shift": "late",
                    "rooms": [
                        "r1",
                        "r5"
                    ]
                },
                {
                    "day": 2,
                    "shift": "night",
                    "rooms": [
                        "r4"
                    ]
                },
                {
                    "day": 4,
                    "shift": "early",
                    "rooms": [
                        "r4",
                        "r1"
                    ]
                },
                {
                    "day": 6,
                    "shift": "early",
                    "rooms": [
                        "r3",
                        "r4"
                    ]
                },
                {
                    "day": 7,
                    "shift": "early",
                    "rooms": [
                        "r0",
                        "r1"
                    ]
                },
                {
                    "day": 9,
                    "shift": "early",
                    "rooms": [
                        "r2"
                    ]
                },
                {
                    "day": 10,
                    "shift": "late",
                    "rooms": [
                        "r5",
                        "r0"
                    ]
                },
                {
                    "day": 11,
                    "shift": "late",
                    "rooms": [
                        "r2",
                        "r4"
                    ]
                },
                {
                    "day": 13,
                    "shift": "early",
                    "rooms": [
                        "r2"
                    ]
                }
            ]
        },
        {
            "id": "n04",
            "assignments": [
                {
                    "day": 0,
                    "shift": "night",
                    "rooms": [
                        "r0",
                        "r1",
                        "r2"
                    ]
                },
                {
                    "day": 1,
                    "shift": "night",
                    "rooms": [
                        "r0",
                        "r3",
                        "r4"
                    ]
                },
                {
                    "day": 2,
                    "shift": "night",
                    "rooms": [
                        "r2"
                    ]
                },
                {
                    "day": 3,
                    "shift": "night",
                    "rooms": [
                        "r2",
                        "r3",
                        "r4"
                    ]
                },
                {
                    "day": 5,
                    "shift": "early",
                    "rooms": [
                        "r5"
                    ]
                },
                {
                    "day": 6,
                    "shift": "night",
                    "rooms": [
                        "r0",
                        "r1",
                        "r4"
                    ]
                },
                {
                    "day": 7,
                    "shift": "night",
                    "rooms": [
                        "r5"
                    ]
                },
                {
                    "day": 9,
                    "shift": "early",
                    "rooms": [
                        "r4"
                    ]
                },
                {
                    "day": 10,
                    "shift": "late",
                    "rooms": [
                        "r2",
                        "r3"
                    ]
                },
                {
                    "day": 11,
                    "shift": "night",
                    "rooms": [
                        "r2",
                        "r4",
                        "r3"
                    ]
                },
                {
                    "day": 12,
                    "shift": "night",
                    "rooms": [
                        "r0",
                        "r2",
                        "r5"
                    ]
                }
            ]
        },
        {
            "id": "n05",
            "assignments": [
                {
                    "day": 0,
                    "shift": "late",
                    "rooms": [
                        "r0",
                        "r2",
                        "r3"
                    ]
                },
                {
                    "day": 1,
                    "shift": "late",
                    "rooms": [
                        "r0",
                        "r2"
                    ]
                },
                {
                    "day": 3,
                    "shift": "early",
                    "rooms": [
                        "r4"
                    ]
                },
                {
                    "day": 5,
                    "shift": "early",
                    "rooms": [
                        "r3"
                    ]
                },
                {
                    "day": 6,
                    "shift": "early",
                    "rooms": [
                        "r1",
                        "r0"
                    ]
                },
                {
                    "day": 7,
                    "shift": "early",
                    "rooms": [
                        "r2",
                        "r4"
                    ]
                },
                {
                    "day": 8,
                    "shift": "early",
                    "rooms": [
                        "r2",
                        "r3"
                    ]
                },
                {
                    "day": 9,
                    "shift": "early",
                    "rooms": [
                        "r0",
                        "r1",
                        "r5"
                    ]
                },
                {
                    "day": 10,
                    "shift": "late",
                    "rooms": [
                        "r1",
                        "r4"
                    ]
                },
                {
                    "day": 11,
                    "shift": "night",
                    "rooms": [
                        "r0",
                        "r1",
                        "r5"
                    ]
                },
                {
                    "day": 12,
                    "shift": "night",
                    "rooms": [
                        "r1",
                        "r3",
                        "r4"
                    ]
                }
            ]
        },
        {
            "id": "n06",
            "assignments": [
                {
                    "day": 0,
                    "shift": "early",
                    "rooms": [
                        "r4",
                        "r3"
                    ]
                },
                {
                    "day": 2,
                    "shift": "early",
                    "rooms": [
                        "r2",
                        "r0"
                    ]
                },
                {
                    "day": 3,
                    "shift": "early",
                    "rooms": [
                        "r0"
                    ]
                },
                {
                    "day": 4,
                    "shift": "early",
                    "rooms": [
                        "r3",
                        "r5"
                    ]
                },
                {
                    "day": 5,
                    "shift": "late",
                    "rooms": [
                        "r4",
                        "r0"
                    ]
                },
                {
                    "day": 7,
                    "shift": "late",
                    "rooms": [
                        "r3",
                        "r2"
                    ]
                },
                {
                    "day": 9,
                    "shift": "late",
                    "rooms": [
                        "r3",
                        "r1"
                    ]
                },
                {
                    "day": 10,
                    "shift": "night",
                    "rooms": [
                        "r1",
                        "r3"
                    ]
                },
                {
                    "day": 12,
                    "shift": "early",
                    "rooms": [
                        "r0",
                        "r3"
                    ]
                },
                {
                    "day": 13,
                    "shift": "late",
                    "rooms": [
                        "r5",
                        "r2"
                    ]
                }
            ]
        },
        {
            "id": "n07",
            "assignments": [
                {
                    "day": 1,
                    "shift": "early",
                    "rooms": [
                        "r3",
                        "r1"
                    ]
                },
                {
                    "day": 2,
                    "shift": "late",
                    "rooms": [
                        "r2",
                        "r5"
                    ]
                },
                {
                    "day": 3,
                    "shift": "late",
                    "rooms": [
                        "r5"
                    ]
                },
                {
                    "day": 4,
                    "shift": "late",
                    "rooms": [
                        "r5",
                        "r3"
                    ]
                },
                {
                    "day": 5,
                    "shift": "night",
                    "rooms": [
                        "r2",
                        "r3",
                        "r4"
                    ]
                },
                {
                    "day": 7,
                    "shift": "late",
                    "rooms": [
                        "r4",
                        "r1"
                    ]
                },
                {
                    "day": 8,
                    "shift": "late",
                    "rooms": [
                        "r0"
                    ]
                },
                {
                    "day": 9,
                    "shift": "late",
                    "rooms": [
                        "r2",
                        "r5"
                    ]
                },
                {
                    "day": 10,
                    "shift": "night",
                    "rooms": [
                        "r4",
                        "r5"
                    ]
                },
                {
                    "day": 12,
                    "shift": "early",
                    "rooms": [
                        "r2",
                        "r4"
                    ]
                },
                {
                    "day": 13,
                    "shift": "late",
                    "rooms": [
                        "r4",
                        "r0"
                    ]
                }
            ]
        },
        {
            "id": "n08",
            "assignments": [
                {
                    "day": 1,
                    "shift": "early",
                    "rooms": [
                        "r0",
                        "r4"
                    ]
                },
                {
                    "day": 2,
                    "shift": "night",
                    "rooms": [
                        "r0",
                        "r1",
                        "r5"
                    ]
                },
                {
                    "day": 4,
                    "shift": "late",
                    "rooms": [
                        "r1",
                        "r0"
                    ]
                },
                {
                    "day": 5,
                    "shift": "late",
                    "rooms": [
                        "r2",
                        "r3"
                    ]
                },
                {
                    "day": 6,
                    "shift": "late",
                    "rooms": [
                        "r4"
                    ]
                },
                {
                    "day": 8,
                    "shift": "early",
                    "rooms": [
                        "r0",
                        "r4"
                    ]
                },
                {
                    "day": 9,
                    "shift": "late",
                    "rooms": [
                        "r0",
                        "r4"
                    ]
                },
                {
                    "day": 10,
                    "shift": "night",
                    "rooms": [
                        "r0",
                        "r2"
                    ]
                },
                {
                    "day": 12,
                    "shift": "late",
                    "rooms": [
                        "r3"
                    ]
                }
            ]
        },
        {
            "id": "n09",
            "assignments": [
                {
                    "day": 0,
                    "shift": "early",
                    "rooms": [
                        "r0",
                        "r2"
                    ]
                },
                {
                    "day": 1,
                    "shift": "early",
                    "rooms": [
                        "r2",
                        "r5"
                    ]
                },
                {
                    "day": 2,
                    "shift": "early",
                    "rooms": [
                        "r4",
                        "r3"
                    ]
                },
                {
                    "day": 3,
                    "shift": "late",
                    "rooms": [
                        "r2"
                    ]
                },
                {
                    "day": 4,
                    "shift": "late",
                    "rooms": [
                        "r2",
                        "r4"
                    ]
                },
                {
                    "day": 6,
                    "shift": "early",
                    "rooms": [
                        "r2",
                        "r5"
                    ]
                },
                {
                    "day": 7,
                    "shift": "late",
                    "rooms": [
                        "r0",
                        "r5"
                    ]
                },
                {
                    "day": 9,
                    "shift": "night",
                    "rooms": [
                        "r3"
                    ]
                },
                {
                    "day": 11,
                    "shift": "early",
                    "rooms": [
                        "r5",
                        "r0"
                    ]
                },
                {
                    "day": 12,
                    "shift": "late",
                    "rooms": [
                        "r1",
                        "r2",
                        "r5"
                    ]
                }
            ]
        },
        {
            "id": "n10",
            "assignments": [
                {
                    "day": 0,
                    "shift": "early",
                    "rooms": [
                        "r1",
                        "r5"
                    ]
                },
                {
                    "day": 2,
                    "shift": "early",
                    "rooms": [
                        "r1",
                        "r5"
                    ]
                },
                {
                    "day": 5,
                    "shift": "early",
                    "rooms": [
                        "r2"
                    ]
                },
                {
                    "day": 6,
                    "shift": "late",
                    "rooms": [
                        "r1"
                    ]
                },
                {
                    "day": 7,
                    "shift": "night",
                    "rooms": [
                        "r0"
                    ]
                },
                {
                    "day": 9,
                    "shift": "night",
                    "rooms": [
                        "r1"
                    ]
                },
                {
                    "day": 11,
                    "shift": "early",
                    "rooms": [
                        "r2",
                        "r4"
                    ]
                },
                {
                    "day": 13,
                    "shift": "early",
                    "rooms": [
                        "r0"
                    ]
                }
            ]
        },
        {
            "id": "n11",
            "assignments": [
                {
                    "day": 3,
                    "shift": "late",
                    "rooms": [
                        "r1",
                        "r3",
                        "r4"
                    ]
                },
                {
                    "day": 5,
                    "shift": "early",
                    "rooms": [
                        "r0",
                        "r1",
                        "r4"
                    ]
                },
                {
                    "day": 6,
                    "shift": "late",
                    "rooms": [
                        "r2"
                    ]
                },
                {
                    "day": 7,
                    "shift": "night",
                    "rooms": [
                        "r1",
                        "r3",
                        "r4"
                    ]
                },
                {
                    "day": 9,
                    "shift": "night",
                    "rooms": [
                        "r4"
                    ]
                },
                {
                    "day": 13,
                    "shift": "early",
                    "rooms": [
                        "r5"
                    ]
                }
            ]
        },
        {
            "id": "n12",
            "assignments": [
                {
                    "day": 3,
                    "shift": "early",
                    "rooms": [
                        "r5"
                    ]
                },
                {
                    "day": 6,
                    "shift": "late",
                    "rooms": [
                        "r3",
                        "r5"
                    ]
                },
                {
                    "day": 8,
                    "shift": "late",
                    "rooms": [
                        "r4"
                    ]
                },
                {
                    "day": 9,
                    "shift": "night",
                    "rooms": [
                        "r0",
                        "r2",
                        "r5"
                    ]
                },
                {
                    "day": 13,
                    "shift": "early",
                    "rooms": [
                        "r1",
                        "r3"
                    ]
                }
            ]
        },
        {
            "id": "n13",
            "assignments": [
                {
                    "day": 3,
                    "shift": "early",
                    "rooms": [
                        "r1",
                        "r2",
                        "r3"
                    ]
                },
                {
                    "day": 8,
                    "shift": "late",
                    "rooms": [
                        "r5"
                    ]
                },
                {
                    "day": 13,
                    "shift": "late",
                    "rooms": [
                        "r1",
                        "r3"
                    ]
                }
            ]
        },
        {
            "id": "n14",
            "assignments": [
                {
                    "day": 8,
                    "shift": "late",
                    "rooms": [
                        "r1",
                        "r2",
                        "r3"
                    ]
                }
            ]
        }
    ]
}